Method,Avg Time (s),Speedup (vs Sequential)
OpenMP,0.003111555555555556,3.456327667476074
MPI,0.0018546666666666668,5.798646057991852
